{
  "swagger" : "2.0",
  "info" : {
    "title" : "MERCHANTS",
    "version" : "1.0.0",
    "description" : "MERCHANTS"
  },
  "paths" : {
    "/signupmerchant" : {
      "post" : {
        "operationId" : "postSignupmerchant",
        "responses" : {
          "200" : {
            "description" : "The operation was successful.",
            "schema" : {
              "$ref" : "#/definitions/status"
            }
          }
        },
        "consumes" : [ "application/json" ],
        "produces" : [ "application/json" ],
        "description" : "Insert a signupmerchant",
        "parameters" : [ {
          "name" : "body",
          "in" : "body",
          "schema" : {
            "$ref" : "#/definitions/signuprequest"
          },
          "description" : "The request body for the operation",
          "required" : true
        } ]
      }
    },
    "/signinmerchant" : {
      "post" : {
        "operationId" : "postSigninmerchant",
        "responses" : {
          "200" : {
            "description" : "The operation was successful.",
            "schema" : {
              "$ref" : "#/definitions/status"
            }
          }
        },
        "consumes" : [ "application/json" ],
        "produces" : [ "application/json" ],
        "description" : "Insert a signinmerchant",
        "parameters" : [ {
          "name" : "body",
          "in" : "body",
          "schema" : {
            "$ref" : "#/definitions/signinrequest"
          },
          "description" : "The request body for the operation",
          "required" : true
        } ]
      }
    },
    "/changesessionduration" : {
      "put" : {
        "operationId" : "putChangesessionduration",
        "responses" : {
          "200" : {
            "description" : "The operation was successful.",
            "schema" : {
              "$ref" : "#/definitions/status"
            }
          }
        },
        "consumes" : [ "application/json" ],
        "produces" : [ "application/json" ],
        "description" : "Update changesessionduration",
        "parameters" : [ {
          "name" : "body",
          "in" : "body",
          "schema" : {
            "$ref" : "#/definitions/signoutrequest"
          },
          "description" : "The request body for the operation",
          "required" : true
        } ]
      }
    },
    "/getProductsList" : {
      "get" : {
        "operationId" : "getGetProductsList",
        "responses" : {
          "200" : {
            "description" : "The operation was successful.",
            "schema" : {
              "$ref" : "#/definitions/getListProductsResponse"
            }
          }
        },
        "produces" : [ "application/json" ],
        "description" : "Retrieve getProductsList",
        "parameters" : [ {
          "name" : "username",
          "in" : "query",
          "type" : "string",
          "required" : true
        }, {
          "name" : "sessionid",
          "in" : "query",
          "type" : "string",
          "required" : true
        }, {
          "name" : "sorttype",
          "in" : "query",
          "type" : "string",
          "required" : true
        }, {
          "name" : "pageNum",
          "in" : "query",
          "type" : "string",
          "required" : true
        }, {
          "name" : "pageSize",
          "in" : "query",
          "type" : "string",
          "required" : true
        } ]
      }
    },
    "/createcampaign" : {
      "post" : {
        "operationId" : "postCreatecampaign",
        "responses" : {
          "200" : {
            "description" : "The operation was successful.",
            "schema" : {
              "$ref" : "#/definitions/status"
            }
          }
        },
        "consumes" : [ "application/json" ],
        "produces" : [ "application/json" ],
        "description" : "Insert a createcampaign",
        "parameters" : [ {
          "name" : "body",
          "in" : "body",
          "schema" : {
            "$ref" : "#/definitions/createcampaignRequest"
          },
          "description" : "The request body for the operation",
          "required" : true
        } ]
      }
    },
    "/sendmail" : {
      "post" : {
        "operationId" : "postSendmail",
        "responses" : {
          "200" : {
            "description" : "The operation was successful."
          }
        },
        "consumes" : [ "application/json" ],
        "produces" : [ "application/json" ],
        "description" : "Insert a sendmail",
        "parameters" : [ {
          "name" : "body",
          "in" : "body",
          "schema" : {
            "type" : "string"
          },
          "description" : "The request body for the operation",
          "required" : true
        } ]
      }
    },
    "/assigncountry" : {
      "post" : {
        "operationId" : "postAssigncountry",
        "responses" : {
          "200" : {
            "description" : "The operation was successful."
          },
          "201" : {
            "description" : "The operation was successful."
          }
        },
        "consumes" : [ "application/json" ],
        "produces" : [ "application/json" ],
        "description" : "Insert a assigncountry",
        "parameters" : [ {
          "name" : "body",
          "in" : "body",
          "schema" : {
            "type" : "string"
          },
          "description" : "The request body for the operation",
          "required" : true
        } ]
      }
    },
    "/signout" : {
      "post" : {
        "operationId" : "postSignout",
        "responses" : {
          "200" : {
            "description" : "The operation was successful.",
            "schema" : {
              "$ref" : "#/definitions/status"
            }
          }
        },
        "consumes" : [ "application/json" ],
        "produces" : [ "application/json" ],
        "description" : "Insert a signout",
        "parameters" : [ {
          "name" : "body",
          "in" : "body",
          "schema" : {
            "$ref" : "#/definitions/signoutrequest"
          },
          "description" : "The request body for the operation",
          "required" : true
        } ]
      }
    }
  },
  "basePath" : "/merchants",
  "definitions" : {
    "signuprequest" : {
      "type" : "object",
      "properties" : {
        "mer_type" : {
          "type" : "string"
        },
        "username" : {
          "type" : "string"
        },
        "fullname" : {
          "type" : "string"
        },
        "address" : {
          "type" : "string"
        },
        "phoneNumber" : {
          "type" : "string"
        },
        "emailAddress" : {
          "type" : "string",
          "format" : "email"
        },
        "password" : {
          "type" : "string",
          "format" : "password",
          "minLength" : "6"
        }
      },
      "required" : [ "mer_type", "username", "fullname", "emailAddress", "password" ]
    },
    "signinrequest" : {
      "type" : "object",
      "properties" : {
        "username" : {
          "type" : "string"
        },
        "password" : {
          "type" : "string",
          "format" : null
        },
        "longduration" : {
          "type" : "boolean"
        }
      },
      "required" : [ "username", "password" ]
    },
    "signoutrequest" : {
      "type" : "object",
      "properties" : {
        "sessionid" : {
          "type" : "integer"
        }
      },
      "required" : [ "sessionid" ]
    },
    "status" : {
      "type" : "object",
      "properties" : {
        "statusCode" : {
          "type" : "string"
        },
        "statusText" : {
          "type" : "string"
        }
      }
    },
    "product" : {
      "type" : "object",
      "properties" : {
        "productCategory" : {
          "type" : "string",
          "enum" : [ "Electronics", "Fashion", "Food" ]
        },
        "name" : {
          "type" : "string"
        },
        "description" : {
          "type" : "string"
        },
        "unitPrice" : {
          "type" : "number"
        },
        "inventory" : {
          "type" : "string"
        },
        "paymentOptions" : {
          "type" : "string",
          "enum" : [ "Direct", "Installments" ]
        },
        "delivery" : {
          "type" : "string"
        }
      },
      "required" : [ "productCategory", "name", "description", "unitPrice" ]
    },
    "getListProductsResponse" : {
      "type" : "object",
      "properties" : {
        "products" : {
          "$ref" : "#/definitions/product"
        }
      }
    },
    "createcampaignRequest" : {
      "type" : "object",
      "properties" : {
        "username" : {
          "type" : "string"
        },
        "startdate" : {
          "type" : "string"
        },
        "enddate" : {
          "type" : "string"
        },
        "percentage" : {
          "type" : "number"
        }
      }
    }
  }
}